week_start,week_end,total_paid_spend,total_leads,new_customers,attributed_revenue,cpl,cac,lead_to_sale_rate,roas,closing_velocity_days,notes
2025-05-01,2025-05-07,53275,304,0,,175.25,,0,,,Cohort Sem 01 (01 M… HubSpot CRM + weekly paid spend
2025-05-08,2025-05-14,57968,237,0,,244.59,,0,,,Cohort Sem 02 (08 M… HubSpot CRM + weekly paid spend
2025-05-15,2025-05-21,57558,256,1,,224.84,57558,0.003906,,,Cohort Sem 03 (15 M… HubSpot CRM + weekly paid spend
2025-05-22,2025-05-28,57323,250,2,,229.29,28661.5,0.008,,,Cohort Sem 04 (22 M… HubSpot CRM + weekly paid spend
2025-05-29,2025-06-04,54448,230,1,,236.73,54448,0.004348,,,Cohort Sem 05 (29 M… HubSpot CRM + weekly paid spend
2025-06-05,2025-06-11,61674,254,0,,242.81,,0,,,Cohort Sem 06 (05 J… HubSpot CRM + weekly paid spend
2025-06-12,2025-06-18,58069,299,3,,194.21,19356.33,0.010033,,,Cohort Sem 07 (12 J… HubSpot CRM + weekly paid spend
2025-06-19,2025-06-25,55806,266,2,,209.8,27903,0.007519,,,Cohort Sem 08 (19 J… HubSpot CRM + weekly paid spend
2025-06-26,2025-07-02,53377,274,0,,194.81,,0,,,Cohort Sem 09 (26 J… HubSpot CRM + weekly paid spend
2025-07-03,2025-07-09,57086,217,2,,263.07,28543,0.009217,,,Cohort Sem 10 (03 J… HubSpot CRM + weekly paid spend
2025-07-10,2025-07-16,55519,292,1,,190.13,55519,0.003425,,,Cohort Sem 11 (10 J… HubSpot CRM + weekly paid spend
2025-07-17,2025-07-23,54486,292,1,,186.6,54486,0.003425,,,Cohort Sem 12 (17 J… HubSpot CRM + weekly paid spend
2025-07-24,2025-07-30,52271,252,1,,207.42,52271,0.003968,,,Cohort Sem 13 (24 J… HubSpot CRM + weekly paid spend
2025-07-31,2025-08-06,47191,216,1,,218.48,47191,0.00463,,,Cohort Sem 14 (31 J… HubSpot CRM + weekly paid spend
2025-08-07,2025-08-13,50962,221,4,,230.6,12740.5,0.0181,,,Cohort Sem 15 (07 A… HubSpot CRM + weekly paid spend
2025-08-14,2025-08-20,59327,193,1,,307.39,59327,0.005181,,,Cohort Sem 16 (14 A… HubSpot CRM + weekly paid spend
2025-08-21,2025-08-27,57589,233,2,,247.16,28794.5,0.008584,,,Cohort Sem 17 (21 A… HubSpot CRM + weekly paid spend
2025-08-28,2025-09-03,56865,194,1,,293.12,56865,0.005155,,,Cohort Sem 18 (28 A… HubSpot CRM + weekly paid spend
2025-09-04,2025-09-10,67445,243,0,,277.55,,0,,,Cohort Sem 19 (04 S… HubSpot CRM + weekly paid spend
2025-09-11,2025-09-17,64347,196,0,,328.3,,0,,,Cohort Sem 20 (11 S… HubSpot CRM + weekly paid spend
2025-09-18,2025-09-24,67092,240,0,,279.55,,0,,,Cohort Sem 21 (18 S… HubSpot CRM + weekly paid spend
2025-09-25,2025-10-01,27458,203,0,,135.26,,0,,,Cohort Sem 22 (25 S… HubSpot CRM + weekly paid spend
2025-10-02,2025-10-08,45226,221,1,,204.64,45226,0.004525,,,Cohort Sem 23 (02 O… HubSpot CRM + weekly paid spend
2025-10-09,2025-10-15,46237,158,0,,292.64,,0,,,Cohort Sem 24 (09 O… HubSpot CRM + weekly paid spend
2025-10-16,2025-10-22,40054,194,1,,206.46,40054,0.005155,,,Cohort Sem 25 (16 O… HubSpot CRM + weekly paid spend
2025-10-23,2025-10-29,42046,185,0,,227.28,,0,,,Cohort Sem 26 (23 O… HubSpot CRM + weekly paid spend
2025-10-30,2025-11-05,40693,159,0,,255.93,,0,,,Cohort Sem 27 (30 O… HubSpot CRM + weekly paid spend
2025-11-06,2025-11-12,42656,182,1,,234.37,42656,0.005495,,,Cohort Sem 28 (06 N… HubSpot CRM + weekly paid spend
2025-11-13,2025-11-19,38417,183,1,,209.93,38417,0.005464,,,Cohort Sem 29 (13 N… HubSpot CRM + weekly paid spend
2025-11-20,2025-11-26,52275,266,2,,196.52,26137.5,0.007519,,,Cohort Sem 30 (20 N… HubSpot CRM + weekly paid spend
2025-11-27,2025-12-03,49715,258,1,,192.69,49715,0.003876,,,Cohort Sem 31 (27 N… HubSpot CRM + weekly paid spend
2025-12-04,2025-12-10,48525,239,0,,203.03,,0,,,Cohort Sem 32 (04 D… HubSpot CRM + weekly paid spend
2025-12-11,2025-12-17,50709,240,0,,211.29,,0,,,Cohort Sem 33 (11 D… HubSpot CRM + weekly paid spend
2025-12-18,2025-12-24,50487,240,1,,210.36,50487,0.004167,,,Cohort Sem 34 (18 D… HubSpot CRM + weekly paid spend
2025-12-25,2025-12-31,50504,322,2,,156.84,25252,0.006211,,,Cohort Sem 35 (25 D… HubSpot CRM + weekly paid spend
2026-01-01,2026-01-07,64038,113,1,,566.71,64038,0.00885,,,Cohort Sem 36 (01 J… HubSpot CRM + weekly paid spend
2026-01-08,2026-01-14,69141,131,1,,527.79,69141,0.007634,,,Cohort Sem 37 (08 J… HubSpot CRM + weekly paid spend
2026-01-15,2026-01-21,67674,167,1,,405.23,67674,0.005988,,,Cohort Sem 38 (15 J… HubSpot CRM + weekly paid spend
2026-01-22,2026-01-28,67962,168,1,,404.54,67962,0.005952,,,Cohort Sem 39 (22 J… HubSpot CRM + weekly paid spend
2026-01-29,2026-02-04,70401,176,0,,400.01,,0,,,Cohort Sem 40 (29 J… HubSpot CRM + weekly paid spend
2026-02-05,2026-02-11,71677,173,0,,414.32,,0,,,Cohort Sem 41 (05 F… HubSpot CRM + weekly paid spend
2026-02-12,2026-02-18,68281,154,2,,443.38,34140.5,0.012987,,,Cohort Sem 42 (12 F… HubSpot CRM + weekly paid spend
2026-02-19,2026-02-25,69415,174,1,,398.94,69415,0.005747,,,Cohort Sem 43 (19 F… HubSpot CRM + weekly paid spend
2026-02-26,2026-03-04,67946,184,0,,369.27,,0,,,Cohort Sem 44 (26 F… HubSpot CRM + weekly paid spend
2026-03-05,2026-03-11,99817,221,0,,451.66,,0,,,Cohort Sem 45 (05 M… HubSpot CRM + weekly paid spend
2026-03-12,2026-03-18,76506,193,0,,396.4,,0,,,Cohort Sem 46 (12 M… HubSpot CRM + weekly paid spend
2026-03-19,2026-03-25,75678,170,0,,445.16,,0,,,Cohort Sem 47 (19 M… HubSpot CRM + weekly paid spend
2026-03-26,2026-03-31,61457,180,0,,341.43,,0,,,Cohort Sem 48 (26 M… HubSpot CRM + weekly paid spend
